"First Name","Last Name","IMSA Email (name1@imsa.edu)","IMSA ID (12xxxx)","Hall","Wing","Facebook Name (First and Last name exactly how it appears on facebook)","Short Blurb about yourself (400 characters max)","Upload an image of yourself. Ideally, this is the same image as your Facebook profile photo so that students can easily contact you.","Physics Courses","Chemistry Courses","Biology Courses","Other Science Courses","Core Math Courses","Non-Core Math Courses","Computer Science Courses","World Language Courses","Sunday availability:","Monday availability:","Tuesday availability:","Wednesday availability:","Thursday availability:","Friday availability:","Saturday availability:"
"Jishnu","Thakkar","jthakkar@imsa.edu","128230","1505","C","Jishnu Thakkar","","","SI Physics","Chemistry","","","MI III, MI IV, AB CALC I, BC CALC I","","CSI, OOP","","","21:00-22:00","21:00-22:00","21:00-22:00","21:00-22:00","",""
"Chaehee","Park","cpark1@imsa.edu","128180","1502","B","Chaehee Park","Hi! I’m Chaehee, a junior living in 02 B Wing this year. I’m interested in pursuing a career in the medical field, especially public health. In my free time, I enjoy listening to music, playing sports, baking, and going to the gym. At IMSA, I’m involved in STEM4M and HOSA. As a peer tutor, I hope to support and help as many students as I can, whether they need academic help, encouragement, or someone to learn with!","","","Chemistry","","Foundations of Healthy Living, MSI","MI II, MI III","","","German I","21:00-22:00","19:00-20:00,20:00-21:00","20:00-21:00","19:00-20:00","20:00-21:00","",""
"Akhil","Nandakumar","anandakumar@imsa.edu","128169","1505","C","Akhil Nandakumar","My hobbies include playing basketball, playing chess, eating good food, listening to music, singing, working out, and hanging out with friends. My favorite musical artists are James Arthur, Niall Horan, Lil Mabu, Drake, Kanye West, Lil Yachty, Travis Scott, Don Toliver, Yeat, Eminem, The Script, Arctic Monkeys, and The Weeknd. I have been to 10 states in the US and 5 states in India, and I really want to go to Paris or London soon, just to see what all the hype is about.","","","Chemistry","","Foundations of Healthy Living","MI I/II, MI II, MI III, MI IV, AB CALC I, BC CALC I","","","Mandarin I","","21:00-22:00","19:00-20:00","21:00-22:00","21:00-22:00","",""
"John","Callahan","jcallahan@imsa.edu","128044","1504","B","N/A","I do a lot of computer programming and I play the cello. I even made a browser game once!","","SI Physics","Chemistry","","","MI III, MI IV, BC CALC I","","","","","19:00-20:00","19:00-20:00","19:00-20:00","19:00-20:00","",""
"Ava (pref Alex)","Zou","azou@imsa.edu","127325","1502","A","Alex Zou","Hi! I'm Alex/Ava (both are fine)! I am a senior this year. My favorite subjects at school are chemistry and math! I like to play piano and compose a little outside of school :). Talk to me about music! I especially enjoy classical music (Beethoven, Chopin, Tchaikovsky, Mendelssohn), vocaloid (PinocchioP, iyowa, teniwoha, INABAKUMORI, etc.), C-pop, and K-pop (ILLIT).","","SI Physics","Chemistry, Advanced Chemistry: Chem Reactions","Bio: Molecular & Cellular","","BC CALC II, BC CALC II/III","","","","","20:00-21:00","20:00-21:00","","20:00-21:00","",""
"Sage","McCue","smccue@imsa.edu","127184","1505","A","Sage McCue","Hi all! I am Sage McCue, a senior living in 1505 A-wing. This is my second year tutoring, so I'm kinda a professional. I really enjoy math and physics (in case that is important right now). Other than that, I like learning new things, spending time outside, and, actually, teaching people new things. If you want something really interesting, I have seen more consecutive hours of sunlight than nearly every human that has ever existed.","","SI Physics, Planetary Science, Modern Physics","Chemistry","Bio: Evolution & Environment","Foundations of Healthy Living, MSI","Geometry, MI I/II, MI II, MI III, MI IV, AB CALC I, BC CALC I","","","Mandarin I, Mandarin II","","19:00-20:00","19:00-20:00","19:00-20:00","","",""
"Eva","Rao","erao1@imsa.edu","128194","1507","C","Eva Rao","Hi I'm Eva and a current junior. My hobbies include hanging out with friends, dancing, reading, and traveling. Some of my favorite places I've traveled to are Japan, Paris, and New York. This year I'm looking forward to meeting new people, attending clubs and culture shows, and staying active within IMSA's community. See you soon!","","","Chemistry","","","Geometry, MI II","","CSI","","14:00-15:00,15:00-16:00","20:00-21:00","","","20:00-21:00","",""
"Marijka","Ristic","mristic@imsa.edu","128310","1507","A","Marijka Ristic","I like to play volleyball, hang out with friends and hike! My favorite artist is Drake, and I sometimes also listen to House Music. One place that I want to travel to is France and Italy. I want to eventually become a Nurse Practitioner and I love helping people. My favorite subjects are chemistry and biology. I have experience tutoring and will be happy to help with anything!","","SI Physics","Chemistry, Org Chem I","","Foundations of Healthy Living, MSI","Geometry, MI I/II","","CSI","French I","","20:00-21:00,21:00-22:00","","18:00-19:00","","",""
"Yongxin","Cheng","ycheng@imsa.edu","128051","1506","C","Emily Cheng","I love to read books.","","SI Physics","Chemistry","","Foundations of Healthy Living, MSI","MI I/II, MI II, MI III","","","French I, Mandarin I, Mandarin II, Mandarin III","","18:00-19:00","18:00-19:00","","18:00-19:00","",""
"Advaitaa","Nagulapalli","anagulapalli@imsa.edu","128165","1506","B","Advaitaa Nagulapalli","I love art! I love sketching, painting, crocheting, jewelry making, and anything creative! I have a little guitar that I play casually (I'm not very good at it, just know a few basic chords). Whenever I have free time, you might find hanging out with friends, or, hopefully, taking a nap and catching up on much needed sleep....","","SI Physics","Chemistry","","","MI II, MI III","","CSI","","","21:00-22:00","21:00-22:00","","21:00-22:00","",""
"Catherine","Wang","cwang3@imsa.edu","128239","1506","C","catherine wang","Hi guys! It's Catherine here. I love to listen to music, play the piano, and oil paint. My favorite artist is Kanye and my favorite song from his is ""Devil In a New Dress."" I also love to go to the gym during my off mods!!! I've been consistently training for around a year now. I also love to play badminton with my friends.","","SI Physics","Chemistry, Org Chem I","Bio: Evolution & Environment, Bio: Molecular & Cellular, Evolution, Biodiversity and Ecology","Foundations of Healthy Living, MSI","MI III, MI IV, AB CALC I, BC CALC I","","CSI","Spanish II, Spanish III, Mandarin I, Mandarin II, Mandarin III","20:00-21:00,21:00-22:00,22:30-23:30","20:00-21:00,21:00-22:00,22:00-23:00","22:00-23:00","20:00-21:00","21:00-22:00","",""
"Adam","Park","apark1@imsa.edu","128179","1503","D","Adam Park","i play the clarinet i like to ski i like ice hockey; i like kpop rap metal etc; i especially like newjeans and twice; ive traveled a lot","","SI Physics","Chemistry","Bio: Evolution & Environment, Bio: Molecular & Cellular","Foundations of Healthy Living","Geometry, MI I/II, MI II, MI III, MI IV, AB CALC I, BC CALC I, BC CALC II, BC CALC II/III","","CSI","French I, French II, French III","","20:00-21:00,21:00-22:00","21:00-22:00","21:00-22:00","21:00-22:00","",""
"Charlotte","Okulaja","cokulaja@imsa.edu","127206","1506","D","Charlotte Okulaja","I run track and field and I love the outdoors.","","","","Bio: Evolution & Environment, Bio of Behavior","Foundations of Healthy Living, MSI, Study strategies","","Stats","CSI","German I, German II, German III, Mandarin I, Mandarin II, Mandarin III","","19:00-20:00,20:00-21:00,21:00-22:00","19:00-20:00","18:00-19:00","20:00-21:00","",""
"Ethan","Deems","edeems@imsa.edu","128268","1504","D","Ethan Deems","Hi, I'm Ethan! I'm an 04 rsl and student ambassador and my favorite music artists are Ado and anyone rock. I love running through Cross Country and camping through Boy Scouts.","","","","","","MI II, MI III","","","French I","21:00-22:00","","","","20:00-21:00,21:00-22:00","",""
"Arya","Patil","apatil@imsa.edu","128186","1506","B","Arya Patil","Hey! I am Arya, a junior from Naperville who loves hobbymaxing. During my free time, you can find me baking, crocheting, hiking, reading, snowboarding, watching F1 or old rom-coms, and more! I play volleyball and love to dive deep into violin concertos. Sometimes when I am too locked in, I listen to intense classical music to help hone my concentration. I am really passionate about chemistry. Typically, I surround myself with those who are driven and ambitious but don't take themselves too seriously. You can find me almost always at IN2 during the school day. I am organized and like to plan every move; my goals for the next few years are to improve public speaking and adopt new hobbies such as rock climbing, high diving. image link: https://docs.google.com/document/d/1-_sjfD-Hev7-qZL_8HuaA1DG_lCPWyr8PsezMRu3knQ/edit?usp=drivesdk","","SI Physics","Chemistry, ad chem: structure and properties","","","MI II, MI III","","CSI","Spanish II, Spanish III","22:30-23:30","","19:00-20:00,22:00-23:00","21:00-22:00","20:00-21:00","",""
"Samir","Salomov","ssalomov@imsa.edu","128204","1501","B","N/A","I’m Uzbek, I love to bake literally anything (macarons are my favorite tho), I like crocheting plushies, and I love math! Outside of school I’m part of the Congressional Debate team, Math team, and Muslim student association - I’m also a writing center tutor so hit me up if you need help!","","SI Physics","","","Foundations of Healthy Living","MI I/II, MI II, MI III, MI IV","","CSI","Spanish II","20:00-21:00,21:00-22:00","18:00-19:00","21:00-22:00","21:00-22:00","21:00-22:00","",""
"Oscar","Chaplin","ochaplin@imsa.edu","127051","1505","C","Oscar Chaplin","I love card games and board games, but I spend most of my time with my roommates and friends. I listen to a lot of Nirvana and Stone Temple Pilots but my favorite artist is The Smashing Pumpkins. I play the clarinet and guitar but I'm working on learning piano as well. I look forward to working as Peer Tutor and giving back to such a wonderful community.","","SI Physics, Physics: Calc Based Electricity/Magnetism","Chemistry, Advanced Chemistry: Chem Reactions, Org Chem I, Org Chem II","Bio: Molecular & Cellular","MSI","MI III, MI IV, BC CALC I, BC CALC II, BC CALC II/III","Stats","CSI","Mandarin I, Mandarin II","","20:00-21:00,21:00-22:00","21:00-22:00","22:00-23:00","","",""
"Naga","Mudda","nmudda@imsa.edu","127196","1505","A","Naga Mudda","I love tcg and card games, especially Pokemon. I also like drawing sci-fi and realistic things.","","","","Cancer Bio, Bio of Behavior","Foundations of Healthy Living, MSI","MI III, MI IV, BC CALC II/III","MVC","","","","18:00-19:00,19:00-20:00","18:00-19:00,19:00-20:00,20:00-21:00","","","",""
"Rishi","Myneni","rmyneni@imsa.edu","128164","1503","A","Rishi Myneni","Outside the classroom, I like playing badminton, talking to people, and eating food. I also like listening to music (ill listen to anything but country). I work at a lab in uChicago, doing research work and wet labs. I want to go back to Japan and China soon, and I also would want to see the UK and Norway some time soon. I can't wait to meet new people this year!","https://drive.google.com/open?id=1tKuxFis8iJY6OWZ5xz-ptZUW08D_pVC1","","Chemistry","","MSI","MI III, MI IV","","","Spanish III","22:30-23:30","22:00-23:00","22:00-23:00","","20:00-21:00,22:00-23:00","",""
"Naomi","Giddens","ngiddens@imsa.edu","128088","1501","C","Naomi Giddens","I love to play my guitar. I like R&B music, and like to skip around to whatever artist sounds good. I am planning to go to the Paris intercession trip next year. I like shooter games, and Minecraft. I am just as funny as I think I am. I like spider man, with my favorite being miles Morales. I love wearing onesies to sleep because they are comfortable. I love my stuffed animals and they get me through IMSA. My wish for the world is for everyone to be themselves, and for the rest of the world to accept them.","https://drive.google.com/open?id=1QzYtu0GjQqeBRjE_ybMNG7-9m83dUFo6","","Chemistry","","","MI I/II","","","","","18:00-19:00,19:00-20:00","","","18:00-19:00,19:00-20:00","",""
"Kalina","Makowski","kmakowski@imsa.edu","128150","1502","A","Kalina Makowski","I love learning new things, playing the cello, and exercising! I also like to travel, especially to places I've never been before. In my free time, I like listening to music, reading, and spending time with family and friends.","https://drive.google.com/open?id=1OkH8NdlM_b0mgyiii2jvsJ_zAYOHwDst","SI Physics","Chemistry","","Foundations of Healthy Living, MSI","MI II, MI III","","CSI","Spanish IV","","","18:00-19:00,19:00-20:00","","18:00-19:00","",""
"Sophie","Hou","shou@imsa.edu","128103","1506","C","Sophie Hou","Hi! My name is Sophie, and I’m a junior in 1506! In my free time, I like to listen to music, go on walks with my friends, play badminton, and read!","https://drive.google.com/open?id=174i8Xp7gBL-5gcK-Q2yh0a2IKOuOmk0DF9mxGF7fS_A","SI Physics","Chemistry","Bio: Molecular & Cellular","","MI II, MI III, MI IV, BC CALC I","","","French II","21:00-22:00,22:30-23:30","","20:00-21:00","","19:00-20:00","",""
"Jessica","Li","jli8@imsa.edu","128132","1506","C","Jessica Li","Hi I’m Jessica, a junior at IMSA. My favorite subject is math, but outside of school, you’ll probably see me drawing or reading. I also listen to music a lot (I love Ariana Grande!) I would say I’m an introverted person, but I always love to help out my peers and volunteer in my community. I teach classes for elementary and middle school students on weekends for English reading and STEM. I’m excited to get to know more people through being a peer tutor and learning new things with you all!","https://drive.google.com/open?id=1yANB6LUzrb0zZI8-oZMRs55gMS7DUNwz","","Chemistry","","","Geometry, MI I/II, MI II, MI III, MI IV, AB CALC I, BC CALC I","","","German I, Mandarin I, Mandarin II, Mandarin III","21:00-22:00,22:30-23:30","","21:00-22:00,22:00-23:00","19:00-20:00,20:00-21:00,21:00-22:00","","",""
"Bowen","Hu","bhu1@imsa.edu","128286","1506","C","Belinda Hu","Hi everyone! I’m Belinda, and I’m a junior. I enjoy singing and playing guitar. In my free time, I like reading manga and watching anime. My favorite artist is Hikaru Utada. Her songs are really cool, and you should definitely listen to them! I also have an adorable cat named Snowball! I’m really excited to meet new people and I hope I can help you along the way!","https://drive.google.com/open?id=1Bd5TO7rc5-VLfAYd7VnBDaOl47ch_RrN","","Chemistry","","","MI II, MI III","","","Mandarin I, Mandarin II, Mandarin III","16:00-17:00,17:00-18:00","20:00-21:00","22:00-23:00","20:00-21:00","22:00-23:00","",""
"Iris","Wang","iwang1@imsa.edu","128241","1502","A","Iris Wang","Hello I am Iris Wang and I am here to help you. I really like everything related to art and human-centric design. In my free time I paint, play tennis, and mukbang. I also like music! Some artists I enjoy listening to are 2hollis, Yabujin, Brothel in Belize, Artemas, and 回春丹. Don't be afraid to ask me any questions; I am here for the sole purpose of helping you out!","https://drive.google.com/open?id=1hdrhp2F2Fg-psR-zAAJmfapITuECnL2q","SI Physics","Chemistry","","","MI I/II, MI II, MI III, MI IV","","","Mandarin I, Mandarin II","","21:00-22:00","19:00-20:00","19:00-20:00,20:00-21:00,21:00-22:00","18:00-19:00,19:00-20:00","",""
"Anjana","Palanisamy","apalanisamy@imsa.edu","128178","1506","B","Anjana Palanisamy","hiii im anjana!! a little bit about my personal life lol: my favorite music artists are artemas, snow strippers, and i’ve been getting into malcolm todd lately. i play piano and do classical dance. i used to work at a concessions stand and also as a swim instructor. i really want to visit china to eat all the food!! but my favorite place that i’ve been already is spain. im excited to work with you guys!!","https://drive.google.com/open?id=1CLSJBwgveA28QcRphAMoIejj08EKkQTv","SI Physics","Chemistry","Bio: Evolution & Environment, Bio: Molecular & Cellular","","MI I/II, MI II, MI III","","","Spanish II, Spanish III","","21:00-22:00","21:00-22:00","","21:00-22:00","",""
"Riddhi","Agarwal","ragarwal1@imsa.edu","128011","1506","A","Riddhi Agarwal","hello everyone! my name is riddhi and i'm a junior this year in 06! i'm super excited to be a peer tutor and meet new people! i'm in a bunch of stuff across campus, so hmu anytime. i love going outside, driving (literally anywhere), reading, listening to music, watching movies, hiking, playing roblox (i'm really bad), and baking. i can't wait to meet everyone!","https://drive.google.com/open?id=17cWB5UVmFsUKbpTer8ljWvmBeSoAaKTN","","Chemistry","","","MI II, MI III","","","","","21:00-22:00,22:00-23:00","21:00-22:00,22:00-23:00","","21:00-22:00,22:00-23:00","",""
"Kaima","Akpuokwe","kakpuokwe@imsa.edu","128014","1506","A","Kaima Akpuokwe","I love listening to, playing, and creating music! I play a couple of instruments and do a bit of songwriting in my free time! My favorite kind of music to listen to is R&B. I also used to intern at Downers Grove Public Library. My dream city to visit is definitely Paris, and I'd love to someday travel to Australia! Outside of school, I’m interested in neuroscience and medicine. I also love crocheting, reading, writing poetry, and more!","https://drive.google.com/open?id=12xhI2m8dBz5eZIg9xk9klSdsl6Z1OU5L","","Chemistry","","MSI","MI III, MI IV","","","French I, French II","22:30-23:30","","21:00-22:00,22:00-23:00","18:00-19:00,21:00-22:00","21:00-22:00,22:00-23:00","",""
"Issac","Emmanuel","iemmanuel@imsa.edu","128274","1507","D","Issac Emmanuel","I've been a peer tutor at my old school, and I worked professionally as one over the summer. I've gone to Berlin for engineering, and I really want to be a Mechanical Engineer when I grow up.","https://drive.google.com/open?id=1eQym9FUeUSHq3Pm1NzU17odVolfxbJBn","SI Physics","Chemistry","","Foundations of Healthy Living, MSI","Geometry, MI II, MI III","","CSI, OOP","Spanish II","19:00-20:00,20:00-21:00","20:00-21:00,21:00-22:00","19:00-20:00","20:00-21:00,21:00-22:00","21:00-22:00","",""
"Ruchira","Nair","rnair@imsa.edu","128167","1502","C","Ruchira Nair","Hi! I'm Ruchira. My main hobbies include hair styling -I've definitely been spotted braiding hair during LEAD- and eating. I'm a huge foodie so I'm always down to grab a bite! If you have any questions about schoolwork, I'm happy to help as best I can!","https://drive.google.com/open?id=1fzQJjFF3gg9HBwjCDy_slXcVP985_2S9","SI Physics","Chemistry","","Foundations of Healthy Living, MSI","Geometry, MI I/II, MI II, MI III","","CSI","French I, French II","","19:00-20:00","19:00-20:00","","19:00-20:00","",""
"Akhil","Narayanan","anarayanan1@imsa.edu","128170","1505","A","Akhil Narayanan","Hi, I’m Akhil, a junior at IMSA and a Peer Tutor. I've been tutoring for a while now, and I enjoy helping others reach their goals. In my free time, I like to go running, play cello, and study biology. You can usually find me studying or hanging out with friends.","https://drive.google.com/open?id=1rJgE4b5FrEiNNKcnz3VTfgWqgHTo1VOU","SI Physics","Chemistry","Bio: Molecular & Cellular","Foundations of Healthy Living, MSI","Geometry, MI I/II, MI II, MI III, MI IV","","","Spanish II, Spanish III","22:30-23:30","22:00-23:00","22:00-23:00","22:00-23:00","22:00-23:00","",""
"Cayden","Szeto","cszeto@imsa.edu","128227","1507","B","cayden Szeto","I love singing, listening to music, playing games, and willing to try new things. I love traveling and eating good food. Hmu if you need any help with anything or have any food suggestions😋.","https://drive.google.com/open?id=1OgSttGHyewn_FwC0aHIwJCqv95P98Gz5","SI Physics","Chemistry","Bio: Molecular & Cellular","","Geometry, MI I/II, MI II, MI III, BC CALC I","","CSI","Spanish II","22:30-23:30","","21:00-22:00,22:00-23:00","","18:00-19:00","",""
"Dhairya","Jaswani","djaswani@imsa.edu","128109","1507","B","dhairyajaswani06","I really like astrophysics and ML, and I like listening to music. My favorite genres are R&B and rap. I also like watching soccer, where my favorite team is FC Barcelona. I want to travel to Spain at some point, and possibly watch one of FC Barcelona’s games in person.","https://drive.google.com/open?id=1_QCH5nL0e5XqC_Fgq6vN7eFM8yvbRJp4","SI Physics","Chemistry","","","MI I/II, MI II, MI III, MI IV, AB CALC I, BC CALC I","","","","","22:00-23:00","21:00-22:00,22:00-23:00","22:00-23:00","21:00-22:00","",""
"Nitya","Jayasankar","njayasankar@imsa.edu","128110","1502","C","Nitya Jayasankar","My name is Nitya, and I’m a junior! I love to sing and dance, specifically Indian classical. I also love to hang out with friends, watch movies and tv shows, listen to music, and read books. Some of my favorites are A Good Girl’s Guide to Murder, The Naturals, and the Caraval series. I love listening to Tate McRae, Ariana Grande, Sabrina Carpenter, and bollywood music too! I enjoy learning about history and english, and I hope to travel to Greece one day. I’m super excited to meet other people and help out!","https://drive.google.com/open?id=13wJMiGsk6m2GvY30I8z9mbmPvIPLxp7l","SI Physics","Chemistry","","","MI III, MI IV","","","French I","","","18:00-19:00,19:00-20:00","","20:00-21:00","",""
"Chris","Catich","kcatich@imsa.edu","127044","1503","D","Chris Catich","My name is Chris Catich and I live in 1503! I enjoy drawing and gaming, and my favorite branch of math is calculus.","https://drive.google.com/open?id=1LfgacrlF9TAVLWdNuRmmJ5x_yFTdJuyi","SI Physics","Chemistry, Advanced Chemistry: Chem Reactions, Physical Chem of Materials","Bio: Evolution & Environment","MSI","MI II, MI III, MI IV, AB CALC I, BC CALC I","","","Spanish II, Spanish III","","","","20:00-21:00,21:00-22:00","20:00-21:00","",""
"Mack","Lee","mlee5@imsa.edu","128130","1504","C","Mack Lee","I specialize in assignments that are due in less than 12 hours, with over 4 years of firsthand experience. My hobbies include playing strategy games and watching video essays on YouTube.","https://drive.google.com/open?id=16RFMioVp5et0w6m4_kvw5yOI4KLA5b6d","SI Physics","Chemistry","","","Geometry, MI I/II, MI II, MI III, MI IV, AB CALC I","","CSI","Mandarin I","","21:00-22:00,22:00-23:00","21:00-22:00,22:00-23:00","","21:00-22:00,22:00-23:00","",""
"Kristine","Le","kle@imsa.edu","128129","1506","D","473892947k","Hi I’m Kristine and I’m a junior in 06. A little about me is that I like neuroscience, cats, playing badminton, and being around people. I enjoy traveling and experiencing different cultures (join VSA). I’m pretty chill, so come talk to me whenever.","https://drive.google.com/open?id=1HvmT4ieyLY8qhlB5D8fLYQQ35-wgiOrg","","","","","Geometry, MI I/II, MI II","","","","19:00-20:00,20:00-21:00","19:00-20:00,20:00-21:00","","19:00-20:00,20:00-21:00","","",""
"Meghna","Manoj","mmanoj@imsa.edu","128153","1506","D","Meghna Manoj","Hi, my name’s Meghna! I’m a junior in 06, and I love drawing and painting, spending time with family and friends, and learning new things! I’ve played the piano and saxophone for a long time, and my favorite subjects are math and physics. I look forward to getting to know you!","https://drive.google.com/open?id=1SmbRHRjEAmMNSSFlMtdiAhHZSl2l4oef","SI Physics","Chemistry, Org Chem I","","Foundations of Healthy Living, MSI, Physics: Sound and Light","Geometry, MI I/II, MI II, MI III, MI IV, BC CALC I","","CSI","Spanish II","21:00-22:00,22:30-23:30","","","19:00-20:00,20:00-21:00","","",""
"Chaithrika","Sripathi","csripathi@imsa.edu","128225","1506","D","Chaithrika Sripathi","Hi! I'm Chaithrika, a current junior. My hobbies include hanging out with friends and family, dancing, and going on walks around campus. When I'm not studying or tutoring, you will probably find me laughing with friends, vibing to good music, or learning a new dance trend. This year, I'm looking forward to meeting new people, participating in culture shows, and taking advantage of all of the trips. I hope to see all of you soon!","https://drive.google.com/open?id=1vn5GZOuVZOsdYinGOz_oMstfXZeLcDip","SI Physics","Chemistry, Org Chem I","","","MI I/II, MI II, MI III, MI IV, AB CALC I, BC CALC I","Stats","CSI","French I","","21:00-22:00","21:00-22:00","","21:00-22:00","",""
"Sivasurya","Elango","selango@imsa.edu","128070","1503","B","Sivasurya Elango","Hi my name is Siva I'm a junior! I like to read, draw, and watch movies. In school I'm interested in medicine and like to learn more about the brain. I've traveled to India, and states in the US.","https://drive.google.com/open?id=1yjqqWWO1ItZ1BiscZGu1Ym0y2dnzdCaA","SI Physics","Chemistry","","Foundations of Healthy Living, MSI","MI III, MI IV, BC CALC I","","","Mandarin I","21:00-22:00","21:00-22:00","","21:00-22:00","","",""
"Evelyn","Eder","eeder@imsa.edu","128067","1506","A","Evelyn Eder","Hi, my name is Evelyn! I’m a junior and I live in 06 A Wing. In my free time, I like to play tennis, bake, and spend time with friends! I’m interested in medicine and I like science!","https://drive.google.com/open?id=1A4IZ7vvBP13RJ3vPCkYgBOuUK0JwHznn","","Chemistry","","Foundations of Healthy Living, MSI","","","CSI","Spanish II","20:00-21:00,21:00-22:00","18:00-19:00","","18:00-19:00,19:00-20:00,20:00-21:00","","",""
"Soham","Manna","smanna@imsa.edu","128152","1505","A","Soham Manna","hi, im soham! i mainly specialize in teaching math courses (everything from geometry to bc II) and can help you touch up on your physics and chemistry classes as well. when I teach, I almost always use a whiteboard to make diagrams or analogies to help form a mnemonic of some sorts, since I believe it helps to understand a concept intuitively without memorizing a formula, so if you're a visual learner, you might find it helpful! as for some of my interests, my main hobbies are making origami, playing/listening/critiquing music, building literally anything, or playing video games sometimes, so feel free to ask about any of them. i'm excited to help you all!","https://drive.google.com/open?id=1L6mna-UsaA5HtP4rd6r13fbhgc6xgi7R","SI Physics","Chemistry","","Physics: Sound and Light","Geometry, MI I/II, MI II, MI III, MI IV, AB CALC I, BC CALC I, BC CALC II, BC CALC II/III","","","","21:00-22:00,22:30-23:30","21:00-22:00,22:00-23:00","21:00-22:00,22:00-23:00","20:00-21:00,21:00-22:00,22:00-23:00","21:00-22:00,22:00-23:00","",""
"Kaydence","Array","karray@imsa.edu","128023","1506","A","Kaydence Array","Outside of school, I like to read, bake, crochet, draw, paint and listen to music!!!! I like a wide variety of genres in music and like to expand my collection by trying out new songs frequently. Traveling is something I also am greatly hopeful for in the future. While I have traveled to various different states within the U.S. but I hope to travel more outside the country soon.","https://drive.google.com/open?id=16DmfENACqDTanW8DUM2xDHU9BF3c57WW","","Chemistry","","Foundations of Healthy Living","MI III","","","","","18:00-19:00","","18:00-19:00,19:00-20:00","18:00-19:00","",""
"Ethan","Chang","echang@imsa.edu","127049","1505","D","N/A","Hi, I'm Ethan, and I'm a senior in 1502. I tutor math and physics. When I'm not studying, I like listening to music and watching jeopardy. I also play the bassoon, and like playing it in different orchestras.","https://drive.google.com/open?id=1zAD1L87X2jgwC8EIb0NMQ9ak8iKulbtz","SI Physics, Modern Physics","","","","MI I/II, MI II, MI III, MI IV, BC CALC I, BC CALC II, BC CALC II/III","","","","","19:00-20:00,20:00-21:00,21:00-22:00","","","","",""
"Qichen","Zhu","qzhu@imsa.edu","128251","1505","A","Dominic Zhu","Hi everyone, my name's Dominic, and I'm a current junior in 1505 A wing. My top academic interests are physics, CS, and math, though I also enjoy writing. Outside of class, I watch too much TV and always want to travel. I hope to visit Europe, especially Paris. I'll do my best to help you with any classes that come before the ones I listed (such as French I). Feel free to contact me if you have questions, and I'll get back to you asap!","https://drive.google.com/open?id=17fVPoqW_xjlxgkkrqfUvJmox2QC6r32K","","Chemistry","","Foundations of Healthy Living, MSI","MI IV, BC CALC I","","CSI","French III","","21:00-22:00","18:00-19:00,19:00-20:00","","20:00-21:00,21:00-22:00","",""
"Jaylin","Park","jpark3@imsa.edu","128181","1506","B","Jaylin Park","Hi, I'm Jaylin! Some of my favorite things to do in my free time are listening to music, reading, running, and taking pictures of the sky. On campus, I enjoy hanging out with friends and going on walks. For clubs, I am most involved with MAO and Hadron but I like popping into general member meetings for other clubs as well.","https://drive.google.com/open?id=1pgWsJai39Vx8clZwq278amPIvOkxC0i5","","Chemistry","","MSI","MI I/II, MI II, MI III","","CSI","French I, French II","","21:00-22:00","19:00-20:00","20:00-21:00","","",""
"Axel","Davis","adavis@imsa.edu","128267","1505","C","Axel Davis","Hi, My name is Axel. I live in 05C. I like to cook, travel and study. My favorite subjects are math and chemistry. I've been to a few countries but I want to travel back to China and reconnect with my past. I hope to be a doctor but have a backup career in a research or teaching position.","https://drive.google.com/open?id=1g6MzfKpEZlU08lO5jGQZTwfYnV-pBhTD","SI Physics","Chemistry, Advanced Chemistry: Chem Reactions, Org Chem I, Org Chem II","","Foundations of Healthy Living, MSI","MI I/II, MI II, MI III, MI IV, AB CALC I, BC CALC I","","CSI","French I","20:00-21:00,21:00-22:00","19:00-20:00,20:00-21:00,21:00-22:00","19:00-20:00,20:00-21:00,21:00-22:00,22:00-23:00","20:00-21:00,21:00-22:00,22:00-23:00","19:00-20:00,20:00-21:00,21:00-22:00","",""
"Ajay","Srinivasan","asrinivasan@imsa.edu","128224","1504","A","Ajay Srinivasan","Hello I am Ajay, I can help with many computer science related things outside of the subjects I can tutor; I have many interests such as music and biology. My favorite artist is","https://drive.google.com/open?id=1CXV1WwQad5FoDoTKiStF127E5Ch-podd","","Chemistry","Bio: Molecular & Cellular","","MI IV, AB CALC I, BC CALC I","","CSI, OOP, Web Tech, Adv Programming, Adv Web Tech","French I, French II","22:30-23:30","21:00-22:00","21:00-22:00","21:00-22:00","","",""
"Colton","BIng","cbing@imsa.edu","128034","1505","C","Colton Bing","Hi! I'm Colton, a current junior who loves to read and fish in my free time. I live in 1505 C wing and am highly passionate about STEM related subjects, especially biology and medicine. Outside of class, I am involved in IYNAI, Science Bowl, HOSA, and USABO, where I am a semifinalist. I have 2 years of experience in tutoring the SAT and AP Biology. I will make every effort and do my best to help you, especially in biology or chemistry. Please feel free to contact me if you have questions, and I will respond as soon as possible!","https://drive.google.com/open?id=1N9O7XPxJEBSkev75_qnEWHBm2RR6A7jZ","","Org Chem I, Org Chem II","Bio: Evolution & Environment, Bio: Molecular & Cellular","","","","","","","20:00-21:00,21:00-22:00","21:00-22:00,22:00-23:00","20:00-21:00,21:00-22:00","20:00-21:00,21:00-22:00","",""
"Merrick","Trone","mtrone@imsa.edu","128233","1503","C","merricktrone","I like to play basketball and other sports.","https://drive.google.com/open?id=1CK_9T88k-t-doQbGj9vsoFx2ddEYQT7a","SI Physics","Chemistry","","Foundations of Healthy Living, MSI","Geometry, MI I/II, MI II","","CSI","Mandarin I","17:00-18:00","21:00-22:00","21:00-22:00","21:00-22:00","21:00-22:00","",""
"Pranshu","Nautiyal","pnautiyal@imsa.edu","128171","1505","B","Pranshu Nautiyal","Hi my name is Pranshu Nautiyal and I am the greatest peer tutor to grace this hall. When you come to me you will be illuminated with knowledge and will instantly become a lot smarter. Come to me when you need help. I love helping people. peace out!","https://drive.google.com/open?id=15uT4ONItvhIuMqLU3VnuBvj29Q38-k-5","SI Physics","Chemistry","","Foundations of Healthy Living, MSI","MI IV, AB CALC I, BC CALC I","","OOP, Ai1","","22:30-23:30","22:00-23:00","22:00-23:00","22:00-23:00","22:00-23:00","",""
"Nathan","Crespo","ncrespo@imsa.edu","127068","1507","D","Nathan Crespo","I like to spend my time with my friends, playing board games or video games. I love listening to music, especially rap, merengue and reggaeton. I am interested in pursuing a career in forensic pathology, performing autopsies.","https://drive.google.com/open?id=1cR8oT8k_6zoFkBi2sXIgxFxB8ltgJ5cD","","","","","","","AI-1, AI-2","Spanish II, Spanish III","","21:00-22:00","21:00-22:00,22:00-23:00","","","",""
"Tatiana","Head","thead@imsa.edu","127114","1507","C","Tatiana Head","ln my free time, I like to draw and play video games. I'm also interested in coding and tech. Some of my favorite artists are Elliott Smith, Aphex Twin, and Leonard Cohen.","https://drive.google.com/open?id=1BXfdLwiI23KiThoEhkBYyz6aeEp2qUgG","","","","","","","CSI, OOP","German I, German II","21:00-22:00,22:30-23:30","18:00-19:00,19:00-20:00","","18:00-19:00,20:00-21:00","","",""
"Amber","Hwang","ahwang@imsa.edu","127125","1502","C","Amber Hwang","Hi, I’m Amber! I like to bake, dance, and run(sometimes). I love to eat korean food and chocolate chip cookies. My favorite place Ive travelled to is probably Italy and Korea because there is so much fun stuff to do. I’ll probably be the most help in math classes, so reach out to me on messenger if you ever have questions or find me in the math office!","https://drive.google.com/open?id=10iz4TGwslx3Lf4zcGFtGBwIPndavMcch","SI Physics","Chemistry, Advanced Chemistry: Chem Reactions","","","MI I/II, MI II, MI III, MI IV, BC CALC II, BC CALC II/III","","","Mandarin I, Mandarin II, Mandarin III","","","21:00-22:00","21:00-22:00","21:00-22:00","",""
"Joey","Stein","jstein@imsa.edu","128226","1501","B","Joey Stein","Hey, my name is Joey Stein. I am a junior who currently lives in 01. I love playing volleyball, reading, and listening to music.","https://drive.google.com/open?id=1EysppqCkiS52I4eWGC9v_pbPV0evW7lQ","","Chemistry","","","MI I/II, MI II","","","Spanish II","17:00-18:00,18:00-19:00","21:00-22:00","","21:00-22:00","","",""
"Radhini","Panchal","rpanchal@imsa.edu","127214","1502","A","Radhini Panchal","Hi everyone! My name is Radhini and I'm a senior this year. I love creative stuff like music and jewelry making, and I've recently been trying to get back into sailing (hopefully this summer I get to!) Please don't hesitate to reach out for help if you need anything (messenger preferred!)","https://drive.google.com/open?id=1aM4vnOA-OUhihn_WwKv43BDVOiBDFiEl","SI Physics, Bio Physics","Chemistry, Org Chem I, Biotech in Chem","Bio: Molecular & Cellular, Bio of Behavior","Foundations of Healthy Living, MSI","Geometry, MI I/II, MI II, MI III, MI IV, BC CALC I","","CSI, physics sound and light","Mandarin I, Mandarin II, Mandarin III","","21:00-22:00,22:00-23:00","21:00-22:00,22:00-23:00","21:00-22:00,22:00-23:00","21:00-22:00,22:00-23:00","",""
"Kelsy","Esuke","kesuke@imsa.edu","128071","1503","D","Kelsy Esuke","Hello! My name is Kelsy. I love to read! Talk to me if you have any book recommendations, I am open to pretty much every genre. Some of my favorites musical artists are Noah Kahan, Lana Del Ray, Frank Ocean, and more. I enjoy traveling! I have traveled to Belgium (I know it's cliche but their waffles are that good!!) and Cameroon. I have traveled to other places but those two have been my favorites so far!! I hope to be a great resource to you this year!!","https://drive.google.com/open?id=1tUEw-z5ILyPP3ke84fBAewhe9zqJ5xfq","","Chemistry","","Foundations of Healthy Living, MSI","MI I/II, MI II","","","Spanish II, Spanish III, Spanish IV","22:30-23:30","","22:00-23:00","","19:00-20:00","",""
"Jonathan","Cai","jcai@imsa.edu","128043","1507","B","Jonathan Cai","I like chemistry. I play the violin and piano. I have a Shiba Inu named Teddy. I do a bit of art. I like Ado, Sawano Hiroyuki, Yo-Yo Ma, and Rachmaninoff.","https://drive.google.com/open?id=1lGnn2vCBizsFMosbJaM1AS89xS3IR6q7","SI Physics","Chemistry, Org Chem I, Org Chem II","","","MI III, MI IV","","","","21:00-22:00","","21:00-22:00,22:00-23:00","","18:00-19:00","",""
"Yatharth","Gohel","ygohel@imsa.edu","128092","1504","D","Yatharth Gohel","In my free time, I love playing sports with friends, especially pickleball, and competing in robotics. I listen to artists like Don Toliver, Travis Scott, and Baby Keem, when I am studying or just rekaxing. I enjoy watching Marvel movies or catching up on Suits.","https://drive.google.com/open?id=19ERjEztnWnWCzi9hHXJoMAtvP2qYiv2s","SI Physics, Intro to Engineering","","","Foundations of Healthy Living, MSI","Geometry, MI I/II, MI II, MI III, MI IV, AB CALC I, BC CALC I","","CSI","Spanish II","","18:00-19:00,19:00-20:00","","","18:00-19:00","",""
"Avaneesh","Sirikonda","asirikonda@imsa.edu","128219","1504","D","Avaneesh Sirikonda","Outside of tutoring, you can usually find me playing sports with friends. Tennis and basketball are my go-tos. I'm big into music too, mostly Don Toliver and Travis Scott. Switzerland's at the top of my travel bucket list, hoping to make it out there someday!","https://drive.google.com/open?id=1bfWNEggvjuiRkWwoQnh42CjbILlwnez-","SI Physics","Chemistry","","Foundations of Healthy Living, MSI","Geometry, MI I/II, MI II, MI III","","CSI","Spanish II, Spanish III","","18:00-19:00,19:00-20:00","","","18:00-19:00","",""
"Shrey","Patel","spatel7@imsa.edu","128185","1505","D","Shrey Patel","I like to play the guitar and saxophone. I like listening to all genres of music. I love travel outdoors, especially nature and national parks, as well as hiking. I also enjoy swimming competitively.","https://drive.google.com/open?id=1PMjYfNLsgaIDon8ZQ2cmq5r_-wOFzpVD","SI Physics, Modern Physics","","","","MI III, MI IV, BC CALC I, BC CALC II","","CSI, OOP, Probably ALL other CS courses.","Spanish II, Spanish III, Spanish IV","20:00-21:00,21:00-22:00","21:00-22:00","21:00-22:00,22:00-23:00","22:00-23:00","21:00-22:00,22:00-23:00","",""
"Sofia","Orjuela Alvarado","sorjuelaalvarado@imsa.edu","127209","1506","A","Sofia O","I am super into robotics and have done it for years. I'm also really interested in mental health advocacy and in reducing the stigma surrounding it.","https://drive.google.com/open?id=1BvonxXkFhhLU2eJPwmShVv1_s15U_2yx","SI Physics, Modern Physics","","Environmental Microbiology","","MI II, MI III, BC CALC I","","CSI, Adv Programming","Spanish II, Spanish III, Spanish IV, Spanish V","","22:00-23:00","","22:00-23:00","22:00-23:00","",""
"Seth","Taukolo","staukolo@imsa.edu","128229","1504","C","Seth Taukolo","I enjoy being outdoors and playing sports, including pickleball, volleyball, and spikeball, to name a few. I also like listening to and playing music.","https://drive.google.com/open?id=1YQH18IXd6hsNp3-_UgMk_mzdKBqLu8Xv","SI Physics","Chemistry","","MSI","MI III, MI IV, BC CALC I","","","Spanish III, Spanish IV","","18:00-19:00,19:00-20:00","","","18:00-19:00","",""
"Kallista","Angelova-Ritter","kangelova@imsa.edu","128019","1506","D","Kallista Angelova-Ritter","Hi! I’m Kallista, and I like violin, plants, and knitting. I also love reading, so feel free to give me recommendations. I’m excited to meet you this year!","https://drive.google.com/open?id=16ixFyG3BQ7aYaUgQ-rFecFdFDhq6f4Nm","SI Physics","Chemistry","","MSI","Geometry, MI I/II, MI II, MI III, MI IV","","CSI","Mandarin I","19:00-20:00,20:00-21:00","","","20:00-21:00","19:00-20:00","",""
"Tudor","Chicos","tchicos@imsa.edu","128052","1505","D","Tudor Chicos","Gaming, Travel, and favorite genre of music is OSTs and instrumentals.","https://drive.google.com/open?id=1w62S1-7L2m-FeDxwcSLbfyK4QwjNkXOZ","","Chemistry","","Foundations of Healthy Living","MI II","","","Spanish II","","21:00-22:00","","21:00-22:00","21:00-22:00","",""
