Timestamp,Email Address,First Name,Last Name,IMSA ID #,IMSA Email,Facebook Profile Name (may be used as an additional form of communication with students via Messenger),Graduation Year,Hall,Wing,Core Math,Other Math,Computer Science,Biology,Chemistry,Physics,Language,Other Courses,"Other course(s) not listed and/or interests you would be willing to help with (i.e. presentations on X, maintaining/improving marketing, collaborate with other clubs to provide additional support).",Peer Tutor Ambassador-Please include what day(s) during S & E you would be interested in helping. ,"Academic Support Hub-Words of Wisdom
-Interest in sharing study strategy, tips and/or resources to the IMSA Community",Sunday,Monday,Tuesday,Wednesday,Thursday,"Let's get to know you! Hobbies? Artists that you like?  Past jobs? Travel that you've done/want to do?  We want to share a bit about you that is beyond your success in the classroom. This will be shared on the Peer Tutor Website and other areas to promote the program. 
Attach a picture or image for your tutor profile too! 
ALL TUTORS MUST DO THIS! 
",Pic upload
9/1/2026 17:55:15,jthakkar@imsa.edu,Jishnu ,Thakkar,128230,jthakkar@imsa.edu,Jishnu Thakkar ,2028,1505,C,"MI III, MI IV, AB CALC I, BC CALC I",,"CSI, OOP",,Chemistry,SI Physics,,,,,No,,9p-10p,9p-10p,9p-10p,9p-10p,‎ ,
9/1/2026 18:04:46,chloepark0609@gmail.com,Chaehee,Park,128180,cpark1@imsa.edu,Chaehee Park,2028,1502,B,"MI II, MI III",,,,Chemistry,,German I,"Foundations of Healthy Living, MSI",,,Yes,9p-10p,"7p-8p, 8p-9p",8p-9p,7p-8p,8p-9p,"Hi! I’m Chaehee, a junior living in 02 B Wing this year. I’m interested in pursuing a career in the medical field, especially public health. In my free time, I enjoy listening to music, playing sports, baking, and going to the gym. At IMSA, I’m involved in STEM4M and HOSA. As a peer tutor, I hope to support and help as many students as I can, whether they need academic help, encouragement, or someone to learn with!",
9/1/2026 18:45:10,anandakumar@imsa.edu,Akhil,Nandakumar,128169,anandakumar@imsa.edu,Akhil Nandakumar,2028,1505,C,"MI I/II, MI II, MI III, MI IV, AB CALC I, BC CALC I",,,,Chemistry,,Mandarin I,Foundations of Healthy Living,"Presentations on the psychology of learning and studying and how to build good study habits, improving marketing by having an Ask a Tutor! section in The Acronym, collaborate with Psychology Club on the psychology of learning and studying",Tuesday,Yes,,9p-10p,7p-8p,9p-10p,9p-10p,"My hobbies include playing basketball, playing chess, eating good food, listening to music, singing, working out, and hanging out with friends. My favorite musical artists are James Arthur, Niall Horan, Lil Mabu, Drake, Kanye West, Lil Yachty, Travis Scott, Don Toliver, Yeat, Eminem, The Script, Arctic Monkeys, and The Weeknd. I have been to 10 states in the US and 5 states in India, and I really want to go to Paris or London soon, just to see what all the hype is about.",
9/1/2026 18:47:13,johncallahan0@proton.me,John,Callahan,128044,jcallahan@imsa.edu,N/A,2028,1504,B,"MI III, MI IV, BC CALC I",,,,Chemistry,SI Physics,,,Computer programming/web development (I could help with the website or other peer tutor projects),,No,,7p-8p,7p-8p,7p-8p,7p-8p,I do a lot of computer programming and I play the cello. I even made a browser game once!,
9/1/2026 19:02:35,azou@imsa.edu,Ava (pref Alex),Zou,127325,azou@imsa.edu,Alex Zou,2027,1502,A,"BC CALC II, BC CALC II/III",,,Bio: Molecular & Cellular,"Chemistry, Advanced Chemistry: Chem Reactions",SI Physics,,,,,Yes,,8p-9p,8p-9p,,8p-9p,"Hi! I'm Alex/Ava (both are fine)! I am a senior this year. My favorite subjects at school are chemistry and math! I like to play piano and compose a little outside of school :). Talk to me about music! I especially enjoy classical music (Beethoven, Chopin, Tchaikovsky, Mendelssohn), vocaloid (PinocchioP, iyowa, teniwoha, INABAKUMORI, etc.), C-pop, and K-pop (ILLIT).",
9/1/2026 19:37:36,sagemccue1@gmail.com,Sage,McCue,127184,smccue@imsa.edu,Sage McCue,2027,1505,A,"Geometry, MI I/II, MI II, MI III, MI IV, AB CALC I, BC CALC I",,,Bio: Evolution & Environment,Chemistry,"SI Physics, Planetary Science, Modern Physics","Mandarin I, Mandarin II","Foundations of Healthy Living, MSI",,,No,,7p-8p,7p-8p,7p-8p,,"Hi all! I am Sage McCue, a senior living in 1505 A-wing. This is my second year tutoring, so I'm kinda a professional. I really enjoy math and physics (in case that is important right now). Other than that, I like learning new things, spending time outside, and, actually, teaching people new things. If you want something really interesting, I have seen more consecutive hours of sunlight than nearly every human that has ever existed.",
9/1/2026 19:38:00,evarao08@gmail.com,Eva,Rao,128194,erao1@imsa.edu,Eva Rao,2028,1507,C,"Geometry, MI II",,CSI,,Chemistry,,,,,,No,"2p-3p, 3p-4p",8p-9p,,,8p-9p,"Hi I'm Eva and a current junior. My hobbies include hanging out with friends, dancing, reading, and traveling. Some of my favorite places I've traveled to are Japan, Paris, and New York. This year I'm looking forward to meeting new people, attending clubs and culture shows, and staying active within IMSA's community. See you soon!",
9/1/2026 21:51:16,mristic@imsa.edu,Marijka ,Ristic,128310,mristic@imsa.edu,Marijka Ristic,2028,1507,A,"Geometry, MI I/II",,CSI,,"Chemistry, Org Chem I",SI Physics,French I,"Foundations of Healthy Living, MSI","All of the above, how to study",,Yes,,"8p-9p, 9p-10p",,6p-7p,,"I like to play volleyball, hang out with friends and hike! My favorite artist is Drake, and I sometimes also listen to House Music. One place that I want to travel to is France and Italy. I want to eventually become a Nurse Practitioner and I love helping people. My favorite subjects are chemistry and biology. I have experience tutoring and will be happy to help with anything! ",
9/1/2026 21:51:22,ycheng@imsa.edu,Yongxin,Cheng,128051,ycheng@imsa.edu,Emily Cheng,2028,1506,C,"MI I/II, MI II, MI III",,,,Chemistry,SI Physics,"French I, Mandarin I, Mandarin II, Mandarin III","Foundations of Healthy Living, MSI",,,No,,6p- 7p,6p-7p,,6p-7p,I love to read books. ,
9/1/2026 23:10:07,anagulapalli@imsa.edu,Advaitaa,Nagulapalli,128165,anagulapalli@imsa.edu,Advaitaa Nagulapalli ,2028,1506,B,"MI II, MI III",,CSI,,Chemistry,SI Physics,,,,,No,,9p-10p,9p-10p,,9p-10p,"I love art! I love sketching, painting, crocheting, jewelry making, and anything creative! I have a little guitar that I play casually (I'm not very good at it, just know a few basic chords). Whenever I have free time, you might find hanging out with friends, or, hopefully, taking a nap and catching up on much needed sleep....",
9/2/2026 0:33:41,cwang3@imsa.edu,Catherine,Wang,128239,cwang3@imsa.edu,catherine wang,2028,1506,C,"MI III, MI IV, AB CALC I, BC CALC I",,CSI,"Bio: Evolution & Environment, Bio: Molecular & Cellular, Evolution, Biodiversity and Ecology","Chemistry, Org Chem I",SI Physics,"Spanish II, Spanish III, Mandarin I, Mandarin II, Mandarin III","Foundations of Healthy Living, MSI",I can help with public speaking,,Yes,"8p-9p, 9p-10p, 10:30p-11:30p","8p-9p, 9p-10p, 10p-11p",10p-11p,8p-9p,9p-10p,"Hi guys! It's Catherine here. I love to listen to music, play the piano, and oil paint. My favorite artist is Kanye and my favorite song from his is ""Devil In a New Dress."" I also love to go to the gym during my off mods!!! I've been consistently training for around a year now. I also love to play badminton with my friends. ",
9/2/2026 0:56:44,apark1@imsa.edu,Adam,Park,128179,apark1@imsa.edu,Adam Park,2028,1503,D,"Geometry, MI I/II, MI II, MI III, MI IV, AB CALC I, BC CALC I, BC CALC II, BC CALC II/III",,CSI,"Bio: Evolution & Environment, Bio: Molecular & Cellular",Chemistry,SI Physics,"French I, French II, French III",Foundations of Healthy Living,"Clarinet, Clubs, Collegemaxxing",,No,,"8p-9p, 9p-10p",9p-10p,9p-10p,9p-10p,i play the clarinet i like to ski i like ice hockey; i like kpop rap metal etc; i especially like newjeans and twice; ive traveled a lot,
9/2/2026 6:34:43,cokulaja@imsa.edu,Charlotte ,Okulaja,127206,Cokulaja@imsa.edu,Charlotte Okulaja,2027,1506,D,,Stats,CSI,"Bio: Evolution & Environment, Bio of Behavior",,,"German I, German II, German III, Mandarin I, Mandarin II, Mandarin III","Foundations of Healthy Living, MSI, Study strategies ",,,No,,"7p-8p, 8p-9p, 9p-10p",7p-8p,6p-7p,8p-9p,I run track and field and I love the outdoors.,
9/2/2026 8:28:30,edeems@imsa.edu,Ethan,Deems,128268,edeems@imsa.edu,Ethan Deems,2028,1504,D,"MI II, MI III",,,,,,French I,,N/A,,No,9p-10p,,,,"8p-9p, 9p-10p","Hi, I'm Ethan! I'm an 04 rsl and student ambassador and my favorite music artists are Ado and anyone rock. I love running through Cross Country and camping through Boy Scouts.",
9/2/2026 8:28:54,apatil@imsa.edu,Arya,Patil,128186,apatil@imsa.edu,Arya Patil,2028,1506,B,"MI II, MI III",,CSI,,"Chemistry, ad chem: structure and properties",SI Physics,"Spanish II, Spanish III",,,,No,10:30p-11:30p,,"7p-8p, 10p-11p",9p-10p,8p-9p,"Hey! I am Arya, a junior from Naperville who loves hobbymaxing. During my free time, you can find me baking, crocheting, hiking, reading, snowboarding, watching F1 or old rom-coms, and more! I play volleyball and love to dive deep into violin concertos. Sometimes when I am too locked in, I listen to intense classical music to help hone my concentration. I am really passionate about chemistry. Typically, I surround myself with those who are driven and ambitious but don't take themselves too seriously. You can find me almost always at IN2 during the school day. I am organized and like to plan every move; my goals for the next few years are to improve public speaking and adopt new hobbies such as rock climbing, high diving. 

image link: https://docs.google.com/document/d/1-_sjfD-Hev7-qZL_8HuaA1DG_lCPWyr8PsezMRu3knQ/edit?usp=drivesdk ",
9/2/2026 8:39:28,ssalomov@imsa.edu,Samir,Salomov,128204,ssalomov@imsa.edu,N/A,2028,1501,B,"MI I/II, MI II, MI III, MI IV",,CSI,,,SI Physics,Spanish II,Foundations of Healthy Living,Public Speaking/Speech,,No,"8p-9p, 9p-10p",6p- 7p,9p-10p,9p-10p,9p-10p,"I’m Uzbek, I love to bake literally anything (macarons are my favorite tho), I like crocheting plushies, and I love math! Outside of school I’m part of the Congressional Debate team, Math team, and Muslim student association - I’m also a writing center tutor so hit me up if you need help!",
9/2/2026 8:45:24,themoosisloos711@gmail.com,Oscar ,Chaplin,127051,ochaplin@imsa.edu,Oscar Chaplin,2027,1505,C,"MI III, MI IV, BC CALC I, BC CALC II, BC CALC II/III",Stats,CSI,Bio: Molecular & Cellular,"Chemistry, Advanced Chemistry: Chem Reactions, Org Chem I, Org Chem II","SI Physics, Physics: Calc Based Electricity/Magnetism","Mandarin I, Mandarin II",MSI,,"Monday, Tuesday, Thursday",Yes,,"8p-9p, 9p-10p",9p-10p,10p-11p,,"I love card games and board games, but I spend most of my time with my roommates and friends. I listen to a lot of Nirvana and Stone Temple Pilots but my favorite artist is The Smashing Pumpkins. I play the clarinet and guitar but I'm working on learning piano as well. I look forward to working as Peer Tutor and giving back to such a wonderful community.",
9/2/2026 8:49:03,nmudda@imsa.edu,Naga,Mudda,127196,nmudda@imsa.edu,Naga Mudda,2027,1505,A,"MI III, MI IV, BC CALC II/III",MVC,,"Cancer Bio, Bio of Behavior",,,,"Foundations of Healthy Living, MSI",,,No,,"6p- 7p, 7p-8p","6p-7p, 7p-8p, 8p-9p",,,"I love tcg and card games, especially Pokemon. I also like drawing sci-fi and realistic things. ",
9/2/2026 10:12:42,rmyneni@imsa.edu,Rishi,Myneni,128164,rmyneni@imsa.edu,Rishi Myneni,2028,1503,A,"MI III, MI IV",,,,Chemistry,,Spanish III,MSI,"club stuff, getting involved",,No,10:30p-11:30p,10p-11p,10p-11p,,"8p-9p, 10p-11p","Outside the classroom, I like playing badminton, talking to people, and eating food. I also like listening to music (ill listen to anything but country). I work at a lab in uChicago, doing research work and wet labs. I want to go back to Japan and China soon, and I also would want to see the UK and Norway some time soon. I can't wait to meet new people this year!",https://drive.google.com/open?id=1tKuxFis8iJY6OWZ5xz-ptZUW08D_pVC1
9/2/2026 10:22:15,thequietkid3@gmail.com,Naomi,Giddens,128088,ngiddens@imsa.edu,Naomi Giddens,2028,1501,C,MI I/II,,,,Chemistry,,,,,,Yes,,"6p- 7p, 7p-8p",,,"6p-7p, 7p-8p","I love to play my guitar. I like R&B music, and like to skip around to whatever artist sounds good. I am planning to go to the Paris intercession trip next year. I like shooter games, and Minecraft. I am just as funny as I think I am. I like spider man, with my favorite being miles Morales. I love wearing onesies to sleep because they are comfortable. I love my stuffed animals and they get me through IMSA. My wish for the world is for everyone to be themselves, and for the rest of the world to accept them. ",https://drive.google.com/open?id=1QzYtu0GjQqeBRjE_ybMNG7-9m83dUFo6
9/2/2026 10:52:08,kmakowski@imsa.edu,Kalina,Makowski,128150,kmakowski@imsa.edu,Kalina Makowski,2028,1502,A,"MI II, MI III",,CSI,,Chemistry,SI Physics,Spanish IV,"Foundations of Healthy Living, MSI",Would love to help staff spread awareness about peer tutoring!,"Tuesday, Friday",Yes,,,"6p-7p, 7p-8p",,6p-7p,"I love learning new things, playing the cello, and exercising! I also like to travel, especially to places I've never been before. In my free time, I like listening to music, reading, and spending time with family and friends.
",https://drive.google.com/open?id=1OkH8NdlM_b0mgyiii2jvsJ_zAYOHwDst
9/2/2026 11:07:52,woodridge04@gmail.com,Sophie,Hou,128103,shou@imsa.edu,Sophie Hou,2028,1506,C,"MI II, MI III, MI IV, BC CALC I",,,Bio: Molecular & Cellular,Chemistry,SI Physics,French II,,Intro to Proofs,,Yes,"9p-10p, 10:30p-11:30p",,8p-9p,,7p-8p,"Hi! My name is Sophie, and I’m a junior in 1506! In my free time, I like to listen to music, go on walks with my friends, play badminton, and read!  ",https://drive.google.com/open?id=174i8Xp7gBL-5gcK-Q2yh0a2IKOuOmk0DF9mxGF7fS_A
9/2/2026 11:48:16,jli8@imsa.edu,Jessica,Li,128132,jli8@imsa.edu,Jessica Li,2028,1506,C,"Geometry, MI I/II, MI II, MI III, MI IV, AB CALC I, BC CALC I",,,,Chemistry,,"German I, Mandarin I, Mandarin II, Mandarin III",,,Tuesday Friday,Yes,"9p-10p, 10:30p-11:30p",,"9p-10p, 10p-11p","7p-8p, 8p-9p, 9p-10p",,"Hi I’m Jessica, a junior at IMSA. My favorite subject is math, but outside of school, you’ll probably see me drawing or reading. I also listen to music a lot (I love Ariana Grande!) I would say I’m an introverted person, but I always love to help out my peers and volunteer in my community. I teach classes for elementary and middle school students on weekends for English reading and STEM. I’m excited to get to know more people through being a peer tutor and learning new things with you all!",https://drive.google.com/open?id=1yANB6LUzrb0zZI8-oZMRs55gMS7DUNwz
9/2/2026 11:55:20,hubowen09@gmail.com,Bowen,Hu,128286,Bhu1@imsa.edu,Belinda Hu,2028,1506,C,"MI II, MI III",,,,Chemistry,,"Mandarin I, Mandarin II, Mandarin III",,,Tuesday and Friday,Yes,"4p-5p, 5p-6p",8p-9p,10p-11p,8p-9p,10p-11p,"Hi everyone! I’m Belinda, and I’m a junior. I enjoy singing and playing guitar. In my free time, I like reading manga and watching anime. My favorite artist is Hikaru Utada. Her songs are really cool, and you should definitely listen to them! I also have an adorable cat named Snowball! I’m really excited to meet new people and I hope I can help you along the way!",https://drive.google.com/open?id=1Bd5TO7rc5-VLfAYd7VnBDaOl47ch_RrN
9/2/2026 12:10:08,sywang2135@gmail.com,Iris,Wang,128241,iwang1@imsa.edu,Iris Wang,2028,1502,A,"MI I/II, MI II, MI III, MI IV",,,,Chemistry,SI Physics,"Mandarin I, Mandarin II",,,Monday and Friday,Yes,,9p-10p,7p-8p,"7p-8p, 8p-9p, 9p-10p","6p-7p, 7p-8p","Hello I am Iris Wang and I am here to help you. I really like everything related to art and human-centric design. In my free time I paint, play tennis, and mukbang. I also like music! Some artists I enjoy listening to are 2hollis, Yabujin, Brothel in Belize, Artemas, and 回春丹. Don't be afraid to ask me any questions; I am here for the sole purpose of helping you out!",https://drive.google.com/open?id=1hdrhp2F2Fg-psR-zAAJmfapITuECnL2q
9/2/2026 12:27:34,apalanisamy@imsa.edu,Anjana,Palanisamy,128178,apalanisamy@imsa.edu,Anjana Palanisamy,2028,1506,B,"MI I/II, MI II, MI III",,,"Bio: Evolution & Environment, Bio: Molecular & Cellular",Chemistry,SI Physics,"Spanish II, Spanish III",,,"monday, thursday",No,,9p-10p,9p-10p,,9p-10p,"hiii im anjana!! a little bit about my personal life lol: my favorite music artists are artemas, snow strippers, and i’ve been getting into malcolm todd lately. i play piano and do classical dance. i used to work at a concessions stand and also as a swim instructor. i really want to visit china to eat all the food!! but my favorite place that i’ve been already is spain. im excited to work with you guys!!",https://drive.google.com/open?id=1CLSJBwgveA28QcRphAMoIejj08EKkQTv
9/2/2026 12:58:17,ragarwal1@imsa.edu,Riddhi,Agarwal,128011,ragarwal1@imsa.edu,Riddhi Agarwal ,2028,1506,A,"MI II, MI III",,,,Chemistry,,,,improving the marketing! maybe a instagram page or announcement or a slide on the revolving tvs,,No,,"9p-10p, 10p-11p","9p-10p, 10p-11p",,"9p-10p, 10p-11p","hello everyone! my name is riddhi and i'm a junior this year in 06! i'm super excited to be a peer tutor and meet new people! i'm in a bunch of stuff across campus, so hmu anytime.
i love going outside, driving (literally anywhere), reading, listening to music, watching movies, hiking, playing roblox (i'm really bad), and baking. i can't wait to meet everyone! ",https://drive.google.com/open?id=17cWB5UVmFsUKbpTer8ljWvmBeSoAaKTN
9/2/2026 13:42:38,kakpuokwe@imsa.edu,Kaima,Akpuokwe,128014,kakpuokwe@imsa.edu,Kaima Akpuokwe,2028,1506,A,"MI III, MI IV",,,,Chemistry,,"French I, French II",MSI,"I can also tutor students self-studying AP Statistics, AP Psychology, and AP Environmental Science. I am also a writing center tutor so I can help any students with essays, speeches, research papers, etc.",Thursdays S&E,Yes,10:30p-11:30p,,"9p-10p, 10p-11p","6p-7p, 9p-10p","9p-10p, 10p-11p","I love listening to, playing, and creating music! I play a couple of instruments and do a bit of songwriting in my free time! My favorite kind of music to listen to is R&B. I also used to intern at Downers Grove Public Library. My dream city to visit is definitely Paris, and I'd love to someday travel to Australia! Outside of school, I’m interested in neuroscience and medicine. I also love crocheting, reading, writing poetry, and more! ",https://drive.google.com/open?id=12xhI2m8dBz5eZIg9xk9klSdsl6Z1OU5L
9/2/2026 14:06:52,iemmanuel@imsa.edu,Issac,Emmanuel ,128274,Iemmanuel@imsa.edu,Issac Emmanuel,2028,1507,D,"Geometry, MI II, MI III",,"CSI, OOP",,Chemistry,SI Physics,Spanish II,"Foundations of Healthy Living, MSI",Time management would be really fun to do.,,Yes,"7p-8p, 8p-9p","8p-9p, 9p-10p",7p-8p,"8p-9p, 9p-10p",9p-10p,"I've been a peer tutor at my old school, and I worked professionally as one over the summer. I've gone to Berlin for engineering, and I really want to be a Mechanical Engineer when I grow up.",https://drive.google.com/open?id=1eQym9FUeUSHq3Pm1NzU17odVolfxbJBn
9/2/2026 14:08:14,ruchiranair4534@gmail.com,Ruchira ,Nair,128167,rnair@imsa.edu,Ruchira Nair,2028,1502,C,"Geometry, MI I/II, MI II, MI III",,CSI,,Chemistry,SI Physics,"French I, French II","Foundations of Healthy Living, MSI","American studies, communication, anything really ",Tuesday and Friday,Yes,,7p-8p,7p-8p,,7p-8p,"Hi! I'm Ruchira. My main hobbies include hair styling -I've definitely been spotted braiding hair during LEAD- and eating. I'm a huge foodie so I'm always down to grab a bite! If you have any questions about schoolwork, I'm happy to help as best I can!",https://drive.google.com/open?id=1fzQJjFF3gg9HBwjCDy_slXcVP985_2S9
9/2/2026 14:58:53,anarayanan1@imsa.edu,Akhil ,Narayanan,128170,anarayanan1@imsa.edu,Akhil Narayanan,2028,1505,A,"Geometry, MI I/II, MI II, MI III, MI IV",,,Bio: Molecular & Cellular,Chemistry,SI Physics,"Spanish II, Spanish III","Foundations of Healthy Living, MSI",,,No,10:30p-11:30p,10p-11p,10p-11p,10p-11p,10p-11p,"Hi, I’m Akhil, a junior at IMSA and a Peer Tutor. I've been tutoring for a while now, and I enjoy helping others reach their goals. In my free time, I like to go running, play cello, and study biology. You can usually find me studying or hanging out with friends. 
",https://drive.google.com/open?id=1rJgE4b5FrEiNNKcnz3VTfgWqgHTo1VOU
9/2/2026 17:58:17,cszeto@imsa.edu,Cayden,Szeto,128227,cszeto@imsa.edu,cayden Szeto,2028,1507,B,"Geometry, MI I/II, MI II, MI III, BC CALC I",,CSI,Bio: Molecular & Cellular,Chemistry,SI Physics,Spanish II,,,,No,10:30p-11:30p,,"9p-10p, 10p-11p",,6p-7p,"I love singing, listening to music, playing games, and willing to try new things. I love traveling and eating good food. Hmu if you need any help with anything or have any food suggestions😋.",https://drive.google.com/open?id=1OgSttGHyewn_FwC0aHIwJCqv95P98Gz5
9/2/2026 18:59:37,djaswani@imsa.edu,Dhairya,Jaswani,128109,djaswani@imsa.edu,dhairyajaswani06,2028,1507,B,"MI I/II, MI II, MI III, MI IV, AB CALC I, BC CALC I",,,,Chemistry,SI Physics,,,"Physics Sound and Light, Presentation skills",,No,,10p-11p,"9p-10p, 10p-11p",10p-11p,9p-10p,"I really like astrophysics and ML, and I like listening to music. My favorite genres are R&B and rap. I also like watching soccer, where my favorite team is FC Barcelona. I want to travel to Spain at some point, and possibly watch one of FC Barcelona’s games in person. ",https://drive.google.com/open?id=1_QCH5nL0e5XqC_Fgq6vN7eFM8yvbRJp4
9/2/2026 19:11:24,njayasankar@imsa.edu,Nitya,Jayasankar ,128110,njayasankar@imsa.edu,Nitya Jayasankar,2028,1502,C,"MI III, MI IV",,,,Chemistry,SI Physics,French I,,improving marketing/outreach,,Yes,,,"6p-7p, 7p-8p",,8p-9p,"My name is Nitya, and I’m a junior! I love to sing and dance, specifically Indian classical. I also love to hang out with friends, watch movies and tv shows, listen to music, and read books. Some of my favorites are A Good Girl’s Guide to Murder, The Naturals, and the Caraval series. I love listening to Tate McRae, Ariana Grande, Sabrina Carpenter, and bollywood music too! I enjoy learning about history and english, and I hope to travel to Greece one day. I’m super excited to meet other people and help out!",https://drive.google.com/open?id=13wJMiGsk6m2GvY30I8z9mbmPvIPLxp7l
9/2/2026 19:19:39,kcatich@imsa.edu,Chris,Catich,127044,kcatich@imsa.edu,Chris Catich,2027,1503,D,"MI II, MI III, MI IV, AB CALC I, BC CALC I",,,Bio: Evolution & Environment,"Chemistry, Advanced Chemistry: Chem Reactions, Physical Chem of Materials",SI Physics,"Spanish II, Spanish III",MSI,,,Yes,,,,"8p-9p, 9p-10p",8p-9p,"My name is Chris Catich and I live in 1503! I enjoy drawing and gaming, and my favorite branch of math is calculus.",https://drive.google.com/open?id=1LfgacrlF9TAVLWdNuRmmJ5x_yFTdJuyi
9/2/2026 19:24:03,mackdlee@icloud.com,Mack,Lee,128130,mlee5@imsa.edu,Mack Lee,2028,1504,C,"Geometry, MI I/II, MI II, MI III, MI IV, AB CALC I",,CSI,,Chemistry,SI Physics,Mandarin I,,Club collaborations,,No,,"9p-10p, 10p-11p","9p-10p, 10p-11p",,"9p-10p, 10p-11p","I specialize in assignments that are due in less than 12 hours, with over 4 years of firsthand experience. My hobbies include playing strategy games and watching video essays on YouTube.",https://drive.google.com/open?id=16RFMioVp5et0w6m4_kvw5yOI4KLA5b6d
9/2/2026 19:33:16,kle@imsa.edu,Kristine,Le,128129,kle@imsa.edu,473892947k,2028,1506,D,"Geometry, MI I/II, MI II",,,,,,,,,,Yes,"7p-8p, 8p-9p","7p-8p, 8p-9p",,"7p-8p, 8p-9p",,"Hi I’m Kristine and I’m a junior in 06. A little about me is that I like neuroscience, cats, playing badminton, and being around people. I enjoy traveling and experiencing different cultures (join VSA). I’m pretty chill, so come talk to me whenever.",https://drive.google.com/open?id=1HvmT4ieyLY8qhlB5D8fLYQQ35-wgiOrg
9/2/2026 19:34:07,mmanoj@imsa.edu,Meghna,Manoj,128153,mmanoj@imsa.edu,Meghna Manoj,2028,1506,D,"Geometry, MI I/II, MI II, MI III, MI IV, BC CALC I",,CSI,,"Chemistry, Org Chem I",SI Physics,Spanish II,"Foundations of Healthy Living, MSI, Physics: Sound and Light","I can tutor for Physics: Sound and Light! I’d also be available to help collaborations with other clubs or organizations, like the writing center tutors. ","Tuesday, Friday",Yes,"9p-10p, 10:30p-11:30p",,,"7p-8p, 8p-9p",,"Hi, my name’s Meghna! I’m a junior in 06, and I love drawing and painting, spending time with family and friends, and learning new things! I’ve played the piano and saxophone for a long time, and my favorite subjects are math and physics. I look forward to getting to know you!   ",https://drive.google.com/open?id=1SmbRHRjEAmMNSSFlMtdiAhHZSl2l4oef
9/2/2026 20:01:59,csripathi@imsa.edu,Chaithrika,Sripathi,128225,csripathi@imsa.edu,Chaithrika Sripathi,2028,1506,D,"MI I/II, MI II, MI III, MI IV, AB CALC I, BC CALC I",Stats,CSI,,"Chemistry, Org Chem I",SI Physics,French I,,We would love to continue our progress with TaskFindR and would want to collaborate with the Website developer team.,,No,,9p-10p,9p-10p,,9p-10p,"Hi! I'm Chaithrika, a current junior. My hobbies include hanging out with friends and family, dancing, and going on walks around campus. When I'm not studying or tutoring, you will probably find me laughing with friends, vibing to good music, or learning a new dance trend. This year, I'm looking forward to meeting new people, participating in culture shows, and taking advantage of all of the trips. I hope to see all of you soon!",https://drive.google.com/open?id=1vn5GZOuVZOsdYinGOz_oMstfXZeLcDip
9/2/2026 20:05:26,selango@imsa.edu,Sivasurya ,Elango,128070,selango@imsa.edu,Sivasurya Elango ,2028,1503,B,"MI III, MI IV, BC CALC I",,,,Chemistry,SI Physics,Mandarin I,"Foundations of Healthy Living, MSI",Presentations(any oral speech for assignments in class),,No,9p-10p,9p-10p,,9p-10p,,"Hi my name is Siva I'm a junior! I like to read, draw, and watch movies. In school I'm interested in medicine and like to learn more about the brain. I've traveled to India, and states in the US. ",https://drive.google.com/open?id=1yjqqWWO1ItZ1BiscZGu1Ym0y2dnzdCaA
9/2/2026 20:12:30,eeder@imsa.edu,Evelyn,Eder,128067,eeder@imsa.edu,Evelyn Eder,2028,1506,A,,,CSI,,Chemistry,,Spanish II,"Foundations of Healthy Living, MSI",marketing and collaborating with other clubs,Available during S&E all days,Yes,"8p-9p, 9p-10p",6p- 7p,,"6p-7p, 7p-8p, 8p-9p",,"Hi, my name is Evelyn! I’m a junior and I live in 06 A Wing. In my free time, I like to play tennis, bake, and spend time with friends! I’m interested in medicine and I like science!",https://drive.google.com/open?id=1A4IZ7vvBP13RJ3vPCkYgBOuUK0JwHznn
9/2/2026 20:19:14,smanna@imsa.edu,Soham,Manna,128152,Smanna@imsa.edu,Soham Manna,2028,1505,A,"Geometry, MI I/II, MI II, MI III, MI IV, AB CALC I, BC CALC I, BC CALC II, BC CALC II/III",,,,Chemistry,SI Physics,,Physics: Sound and Light,,"I'd be available most days during S&E, but it's hard to tell from now on what exact days due to other conflicts.",No,"9p-10p, 10:30p-11:30p","9p-10p, 10p-11p","9p-10p, 10p-11p","8p-9p, 9p-10p, 10p-11p","9p-10p, 10p-11p","hi, im soham! i mainly specialize in teaching math courses (everything from geometry to bc II) and can help you touch up on your physics and chemistry classes as well. when I teach, I almost always use a whiteboard to make diagrams or analogies to help form a mnemonic of some sorts, since I believe it helps to understand a concept intuitively without memorizing a formula, so if you're a visual learner, you might find it helpful!
as for some of my interests, my main hobbies are making origami, playing/listening/critiquing music, building literally anything, or playing video games sometimes, so feel free to ask about any of them. i'm excited to help you all!",https://drive.google.com/open?id=1L6mna-UsaA5HtP4rd6r13fbhgc6xgi7R
9/2/2026 20:28:05,karray@imsa.edu,Kaydence ,Array,128023,karray@imsa.edu,Kaydence Array,2028,1506,A,MI III,,,,Chemistry,,,Foundations of Healthy Living,,,No,,6p- 7p,,"6p-7p, 7p-8p",6p-7p,"Outside of school, I like to read, bake, crochet, draw, paint and listen to music!!!! I like a wide variety of genres in music and like to expand my collection by trying out new songs frequently. Traveling is something I also am greatly hopeful for in the future. While I have traveled to various different states within the U.S. but I hope to travel more outside the country soon. ",https://drive.google.com/open?id=16DmfENACqDTanW8DUM2xDHU9BF3c57WW
9/2/2026 21:22:43,echang@imsa.edu,Ethan,Chang,127049,echang@imsa.edu,N/A,2027,1505,D,"MI I/II, MI II, MI III, MI IV, BC CALC I, BC CALC II, BC CALC II/III",,,,,"SI Physics, Modern Physics",,,,,No,,"7p-8p, 8p-9p, 9p-10p",,,,"Hi, I'm Ethan, and I'm a senior in 1502. I tutor math and physics. When I'm not studying, I like listening to music and watching jeopardy. I also play the bassoon, and like playing it in different orchestras.",https://drive.google.com/open?id=1zAD1L87X2jgwC8EIb0NMQ9ak8iKulbtz
9/2/2026 21:31:31,qzhu@imsa.edu,Qichen,Zhu,128251,qzhu@imsa.edu,Dominic Zhu,2028,1505,A,"MI IV, BC CALC I",,CSI,,Chemistry,,French III,"Foundations of Healthy Living, MSI","Physics: Sound and Light

I'd be willing to possibly collaborate with other clubs, and work on marketing.",,Yes,,9p-10p,"6p-7p, 7p-8p",,"8p-9p, 9p-10p","Hi everyone, my name's Dominic, and I'm a current junior in 1505 A wing.
My top academic interests are physics, CS, and math, though I also enjoy writing.
Outside of class, I watch too much TV and always want to travel. I hope to visit Europe, especially Paris. 
I'll do my best to help you with any classes that come before the ones I listed (such as French I). Feel free to contact me if you have questions, and I'll get back to you asap!",https://drive.google.com/open?id=17fVPoqW_xjlxgkkrqfUvJmox2QC6r32K
9/2/2026 21:40:03,jpark3@imsa.edu,Jaylin,Park,128181,jpark3@imsa.edu,Jaylin Park,2028,1506,B,"MI I/II, MI II, MI III",,CSI,,Chemistry,,"French I, French II",MSI,,,No,,9p-10p,7p-8p,8p-9p,,"Hi, I'm Jaylin! Some of my favorite things to do in my free time are listening to music, reading, running, and taking pictures of the sky. On campus, I enjoy hanging out with friends and going on walks. For clubs, I am most involved with MAO and Hadron but I like popping into general member meetings for other clubs as well.",https://drive.google.com/open?id=1pgWsJai39Vx8clZwq278amPIvOkxC0i5
9/2/2026 21:50:40,adavis@imsa.edu,Axel,Davis,128267,adavis@imsa.edu,Axel Davis,2028,1505,C,"MI I/II, MI II, MI III, MI IV, AB CALC I, BC CALC I",,CSI,,"Chemistry, Advanced Chemistry: Chem Reactions, Org Chem I, Org Chem II",SI Physics,French I,"Foundations of Healthy Living, MSI",,,Yes,"8p-9p, 9p-10p","7p-8p, 8p-9p, 9p-10p","7p-8p, 8p-9p, 9p-10p, 10p-11p","8p-9p, 9p-10p, 10p-11p","7p-8p, 8p-9p, 9p-10p","Hi, My name is Axel. I live in 05C. I like to cook, travel and study. My favorite subjects are math and chemistry. I've been to a few countries but I want to travel back to China and reconnect with my past. I hope to be a doctor but have a backup career in a research or teaching position. ",https://drive.google.com/open?id=1g6MzfKpEZlU08lO5jGQZTwfYnV-pBhTD
9/2/2026 21:53:10,asrinivasan@imsa.edu,Ajay,Srinivasan,128224,asrinivasan@imsa.edu,Ajay Srinivasan,2028,1504,A,"MI IV, AB CALC I, BC CALC I",,"CSI, OOP, Web Tech, Adv Programming, Adv Web Tech",Bio: Molecular & Cellular,Chemistry,,"French I, French II",,"I would be willing to help collaborate with other clubs, a good idea might be with FTC for things like help with Java programming. I would also be willing to maintain/improve marketing.",,Yes,10:30p-11:30p,9p-10p,9p-10p,9p-10p,,"Hello I am Ajay, I can help with many computer science related things outside of the subjects I can tutor; I have many interests such as music and biology. My favorite artist is",https://drive.google.com/open?id=1CXV1WwQad5FoDoTKiStF127E5Ch-podd
9/2/2026 21:56:19,coltonb.com@gmail.com,Colton,BIng,128034,cbing@imsa.edu,Colton Bing,2028,1505,C,,,,"Bio: Evolution & Environment, Bio: Molecular & Cellular","Org Chem I, Org Chem II",,,,BC Calculus III and any general biology questions,,Yes,,"8p-9p, 9p-10p","9p-10p, 10p-11p","8p-9p, 9p-10p","8p-9p, 9p-10p","Hi! I'm Colton, a current junior who loves to read and fish in my free time. I live in 1505 C wing and am highly passionate about STEM related subjects, especially biology and medicine. Outside of class, I am involved in IYNAI, Science Bowl, HOSA, and USABO, where I am a semifinalist. I have 2 years of experience in tutoring the SAT and AP Biology. I will make every effort and do my best to help you, especially in biology or chemistry. Please feel free to contact me if you have questions, and I will respond as soon as possible!",https://drive.google.com/open?id=1N9O7XPxJEBSkev75_qnEWHBm2RR6A7jZ
9/2/2026 21:58:33,mtrone@imsa.edu,Merrick,Trone,128233,mtrone@imsa.edu,merricktrone,2028,1503,C,"Geometry, MI I/II, MI II",,CSI,,Chemistry,SI Physics,Mandarin I,"Foundations of Healthy Living, MSI",Managing time efficiently.,,Yes,5p-6p,9p-10p,9p-10p,9p-10p,9p-10p,I like to play basketball and other sports.,https://drive.google.com/open?id=1CK_9T88k-t-doQbGj9vsoFx2ddEYQT7a
9/2/2026 21:58:49,pranshunau@gmail.com,Pranshu ,Nautiyal,128171,pnautiyal@imsa.edu,Pranshu Nautiyal,2028,1505,B,"MI IV, AB CALC I, BC CALC I",,"OOP, Ai1",,Chemistry,SI Physics,,"Foundations of Healthy Living, MSI",,none,No,10:30p-11:30p,10p-11p,10p-11p,10p-11p,10p-11p,Hi my name is Pranshu Nautiyal and I am the greatest peer tutor to grace this hall. When you come to me you will be illuminated with knowledge and will instantly become a lot smarter. Come to me when you need help. I love helping people. peace out!,https://drive.google.com/open?id=15uT4ONItvhIuMqLU3VnuBvj29Q38-k-5
9/2/2026 21:59:13,nathanlcrespo@gmail.com,Nathan,Crespo,127068,ncrespo@imsa.edu,Nathan Crespo,2027,1507,D,,,"AI-1, AI-2",,,,"Spanish II, Spanish III",,,,No,,9p-10p,"9p-10p, 10p-11p",,,"I like to spend my time with my friends, playing board games or video games. I love listening to music, especially rap, merengue and reggaeton. I am interested in pursuing a career in forensic pathology, performing autopsies.",https://drive.google.com/open?id=1cR8oT8k_6zoFkBi2sXIgxFxB8ltgJ5cD
9/2/2026 21:59:40,thead@imsa.edu,Tatiana,Head,127114,thead@imsa.edu,Tatiana Head,2027,1507,C,,,"CSI, OOP",,,,"German I, German II",,,Tuesdays and Thursdays,No,"9p-10p, 10:30p-11:30p","6p- 7p, 7p-8p",,"6p-7p, 8p-9p",,"ln my free time, I like to draw and play video games. I'm also interested in coding and tech. Some of my favorite artists are Elliott Smith, Aphex Twin, and Leonard Cohen.",https://drive.google.com/open?id=1BXfdLwiI23KiThoEhkBYyz6aeEp2qUgG
9/2/2026 22:08:22,ahwang@imsa.edu,Amber,Hwang,127125,ahwang@imsa.edu,Amber Hwang,2027,1502,C,"MI I/II, MI II, MI III, MI IV, BC CALC II, BC CALC II/III",,,,"Chemistry, Advanced Chemistry: Chem Reactions",SI Physics,"Mandarin I, Mandarin II, Mandarin III",,,,Yes,,,9p-10p,9p-10p,9p-10p,"Hi, I’m Amber! I like to bake, dance, and run(sometimes). I love to eat korean food and chocolate chip cookies. My favorite place Ive travelled to is probably Italy and Korea because there is so much fun stuff to do. I’ll probably be the most help in math classes, so reach out to me on messenger if you ever have questions or find me in the math office!",https://drive.google.com/open?id=10iz4TGwslx3Lf4zcGFtGBwIPndavMcch
9/2/2026 22:09:30,jstein@imsa.edu,Joey,Stein,128226,jstein@imsa.edu,Joey Stein,2028,1501,B,"MI I/II, MI II",,,,Chemistry,,Spanish II,,,,No,"5p-6p, 6p-7p",9p-10p,,9p-10p,,"Hey, my name is Joey Stein. I am a junior who currently lives in 01. I love playing volleyball, reading, and listening to music.",https://drive.google.com/open?id=1EysppqCkiS52I4eWGC9v_pbPV0evW7lQ
9/2/2026 22:41:58,rpanchal@imsa.edu,Radhini,Panchal,127214,rpanchal@imsa.edu,Radhini Panchal,2027,1502,A,"Geometry, MI I/II, MI II, MI III, MI IV, BC CALC I",,"CSI, physics sound and light","Bio: Molecular & Cellular, Bio of Behavior","Chemistry, Org Chem I, Biotech in Chem","SI Physics, Bio Physics","Mandarin I, Mandarin II, Mandarin III","Foundations of Healthy Living, MSI","english & history classes, presentations & speech, marketing, and club collabs",any s&e day!,Yes,,"9p-10p, 10p-11p","9p-10p, 10p-11p","9p-10p, 10p-11p","9p-10p, 10p-11p","Hi everyone! My name is Radhini and I'm a senior this year. I love creative stuff like music and jewelry making, and I've recently been trying to get back into sailing (hopefully this summer I get to!) Please don't hesitate to reach out for help if you need anything (messenger preferred!)",https://drive.google.com/open?id=1aM4vnOA-OUhihn_WwKv43BDVOiBDFiEl
9/2/2026 22:48:02,Kesuke@imsa.edu,Kelsy,Esuke,128071,kesuke@imsa.edu,Kelsy Esuke,2028,1503,D,"MI I/II, MI II",,,,Chemistry,,"Spanish II, Spanish III, Spanish IV","Foundations of Healthy Living, MSI",,,Yes,10:30p-11:30p,,10p-11p,,7p-8p,"Hello! My name is Kelsy. I love to read! Talk to me if you have any book recommendations, I am open to pretty much every genre. Some of my favorites musical artists are Noah Kahan, Lana Del Ray, Frank Ocean, and more. I enjoy traveling! I have traveled to Belgium (I know it's cliche but their waffles are that good!!) and Cameroon. I have traveled to other places but those two have been my favorites so far!! I hope to be a great resource to you this year!!",https://drive.google.com/open?id=1tUEw-z5ILyPP3ke84fBAewhe9zqJ5xfq
9/2/2026 22:58:55,jonathan.cai21777@gmail.com,Jonathan ,Cai,128043,jcai@imsa.edu,Jonathan Cai,2028,1507,B,"MI III, MI IV",,,,"Chemistry, Org Chem I, Org Chem II",SI Physics,,,n/a,n/a,Yes,9p-10p,,"9p-10p, 10p-11p",,6p-7p,"I like chemistry. I play the violin and piano. I have a Shiba Inu named Teddy. I do a bit of art. I like Ado, Sawano Hiroyuki, Yo-Yo Ma, and Rachmaninoff. ",https://drive.google.com/open?id=1lGnn2vCBizsFMosbJaM1AS89xS3IR6q7
9/2/2026 23:03:50,ygohel@imsa.edu,Yatharth,Gohel,128092,ygohel@imsa.edu,Yatharth Gohel,2028,1504,D,"Geometry, MI I/II, MI II, MI III, MI IV, AB CALC I, BC CALC I",,CSI,,,"SI Physics, Intro to Engineering",Spanish II,"Foundations of Healthy Living, MSI",N/A,N/A,No,,"6p- 7p, 7p-8p",,,6p-7p,"In my free time, I love playing sports with friends, especially pickleball, and competing in robotics. I listen to artists like Don Toliver, Travis Scott, and Baby Keem, when I am studying or just rekaxing. I enjoy watching Marvel movies or catching up on Suits.",https://drive.google.com/open?id=19ERjEztnWnWCzi9hHXJoMAtvP2qYiv2s
9/2/2026 23:05:35,asirikonda@imsa.edu,Avaneesh,Sirikonda,128219,asirikonda@imsa.edu,Avaneesh Sirikonda,2028,1504,D,"Geometry, MI I/II, MI II, MI III",,CSI,,Chemistry,SI Physics,"Spanish II, Spanish III","Foundations of Healthy Living, MSI",,,Yes,,"6p- 7p, 7p-8p",,,6p-7p,"Outside of tutoring, you can usually find me playing sports with friends. Tennis and basketball are my go-tos. I'm big into music too, mostly Don Toliver and Travis Scott. Switzerland's at the top of my travel bucket list, hoping to make it out there someday!",https://drive.google.com/open?id=1bfWNEggvjuiRkWwoQnh42CjbILlwnez-
9/2/2026 23:27:55,spatel7@imsa.edu,Shrey,Patel,128185,spatel7@imsa.edu,Shrey Patel,2028,1505,D,"MI III, MI IV, BC CALC I, BC CALC II",,"CSI, OOP, Probably ALL other CS courses.",,,"SI Physics, Modern Physics","Spanish II, Spanish III, Spanish IV",,,,No,"8p-9p, 9p-10p",9p-10p,"9p-10p, 10p-11p",10p-11p,"9p-10p, 10p-11p","I like to play the guitar and saxophone. I like listening to all genres of music. I love travel outdoors, especially nature and national parks, as well as hiking. I also enjoy swimming competitively.",https://drive.google.com/open?id=1PMjYfNLsgaIDon8ZQ2cmq5r_-wOFzpVD
9/3/2026 0:21:52,sorjuelaalvarado@imsa.edu,Sofia,Orjuela Alvarado,127209,sorjuelaalvarado@imsa.edu,Sofia O,2027,1506,A,"MI II, MI III, BC CALC I",,"CSI, Adv Programming",Environmental Microbiology,,"SI Physics, Modern Physics","Spanish II, Spanish III, Spanish IV, Spanish V",,,,No,,10p-11p,,10p-11p,10p-11p,I am super into robotics and have done it for years. I'm also really interested in mental health advocacy and in reducing the stigma surrounding it. ,https://drive.google.com/open?id=1BvonxXkFhhLU2eJPwmShVv1_s15U_2yx
9/3/2026 1:25:30,staukolo@imsa.edu,Seth,Taukolo,128229,staukolo@imsa.edu,Seth Taukolo,2028,1504,C,"MI III, MI IV, BC CALC I",,,,Chemistry,SI Physics,"Spanish III, Spanish IV",MSI,,"Mon, Tues, Thurs, Fri",No,,"6p- 7p, 7p-8p",,,6p-7p,"I enjoy being outdoors and playing sports, including pickleball, volleyball, and spikeball, to name a few. I also like listening to and playing music.",https://drive.google.com/open?id=1YQH18IXd6hsNp3-_UgMk_mzdKBqLu8Xv
9/3/2026 17:09:41,kangelova@imsa.edu,Kallista,Angelova-Ritter,128019,kangelova@imsa.edu,Kallista Angelova-Ritter,2028,1506,D,"Geometry, MI I/II, MI II, MI III, MI IV",,CSI,,Chemistry,SI Physics,Mandarin I,MSI,,,No,"7p-8p, 8p-9p",,,8p-9p,7p-8p,"Hi! I’m Kallista, and I like violin, plants, and knitting. I also love reading, so feel free to give me recommendations. I’m excited to meet you this year!",https://drive.google.com/open?id=16ixFyG3BQ7aYaUgQ-rFecFdFDhq6f4Nm
9/3/2026 18:14:58,tchicos@imsa.edu,Tudor,Chicos,128052,tchicos@imsa.edu,Tudor Chicos,2028,1505,D,MI II,,,,Chemistry,,Spanish II,Foundations of Healthy Living,N/A,N/A,No,,9p-10p,,9p-10p,9p-10p,"Gaming, Travel, and favorite genre of music is OSTs and instrumentals.",https://drive.google.com/open?id=1w62S1-7L2m-FeDxwcSLbfyK4QwjNkXOZ